End_Week,State,Deaths,Pneumonia_Deaths,Pneumonia_COVID_Deaths
2/1/2020,Alabama,0,56,0
2/8/2020,Alabama,0,61,0
2/15/2020,Alabama,0,76,0
2/22/2020,Alabama,0,68,0
2/29/2020,Alabama,0,63,0
3/7/2020,Alabama,0,58,0
3/14/2020,Alabama,0,61,0
3/21/2020,Alabama,,71,
3/28/2020,Alabama,23,68,
4/4/2020,Alabama,49,65,11
4/11/2020,Alabama,81,86,27
4/18/2020,Alabama,89,94,26
4/25/2020,Alabama,83,77,19
5/2/2020,Alabama,81,87,26
5/9/2020,Alabama,115,94,34
5/16/2020,Alabama,93,88,29
5/23/2020,Alabama,79,82,23
5/30/2020,Alabama,103,95,30
6/6/2020,Alabama,88,87,32
6/13/2020,Alabama,81,74,29
6/20/2020,Alabama,88,78,25
6/27/2020,Alabama,101,82,30
7/4/2020,Alabama,120,92,47
7/11/2020,Alabama,133,94,36
7/18/2020,Alabama,186,100,45
7/25/2020,Alabama,245,133,87
8/1/2020,Alabama,260,156,94
8/8/2020,Alabama,253,131,85
8/15/2020,Alabama,218,135,80
8/22/2020,Alabama,197,111,59
8/29/2020,Alabama,169,120,67
9/5/2020,Alabama,128,97,50
9/12/2020,Alabama,106,88,39
9/19/2020,Alabama,83,59,30
9/26/2020,Alabama,17,11,
2/1/2020,Alaska,0,0,0
2/8/2020,Alaska,0,,0
2/15/2020,Alaska,0,0,0
2/22/2020,Alaska,0,,0
2/29/2020,Alaska,0,,0
3/7/2020,Alaska,0,,0
3/14/2020,Alaska,0,,0
3/21/2020,Alaska,0,,0
3/28/2020,Alaska,,10,
4/4/2020,Alaska,,,
4/11/2020,Alaska,,,
4/18/2020,Alaska,,,0
4/25/2020,Alaska,0,,0
5/2/2020,Alaska,0,,0
5/9/2020,Alaska,,,0
5/16/2020,Alaska,0,,0
5/23/2020,Alaska,0,,0
5/30/2020,Alaska,0,,0
6/6/2020,Alaska,0,,0
6/13/2020,Alaska,,,
6/20/2020,Alaska,0,,0
6/27/2020,Alaska,0,,0
7/4/2020,Alaska,,,0
7/11/2020,Alaska,,,
7/18/2020,Alaska,,,
7/25/2020,Alaska,,,
8/1/2020,Alaska,,,
8/8/2020,Alaska,,,
8/15/2020,Alaska,,,
8/22/2020,Alaska,,,
8/29/2020,Alaska,,,
9/5/2020,Alaska,,,
9/12/2020,Alaska,,,
9/19/2020,Alaska,0,,0
9/26/2020,Alaska,0,0,0
2/1/2020,Arizona,0,74,0
2/8/2020,Arizona,0,79,0
2/15/2020,Arizona,0,92,0
2/22/2020,Arizona,0,80,0
2/29/2020,Arizona,0,80,0
3/7/2020,Arizona,0,77,0
3/14/2020,Arizona,0,82,0
3/21/2020,Arizona,,103,
3/28/2020,Arizona,31,117,19
4/4/2020,Arizona,58,124,32
4/11/2020,Arizona,91,149,52
4/18/2020,Arizona,96,117,43
4/25/2020,Arizona,106,120,42
5/2/2020,Arizona,104,124,47
5/9/2020,Arizona,127,138,71
5/16/2020,Arizona,118,128,69
5/23/2020,Arizona,96,116,52
5/30/2020,Arizona,113,120,50
6/6/2020,Arizona,132,137,72
6/13/2020,Arizona,171,158,99
6/20/2020,Arizona,205,169,108
6/27/2020,Arizona,254,200,137
7/4/2020,Arizona,374,273,207
7/11/2020,Arizona,490,408,306
7/18/2020,Arizona,539,410,338
7/25/2020,Arizona,469,344,282
8/1/2020,Arizona,383,287,222
8/8/2020,Arizona,299,227,178
8/15/2020,Arizona,245,203,143
8/22/2020,Arizona,167,141,89
8/29/2020,Arizona,124,124,70
9/5/2020,Arizona,87,117,56
9/12/2020,Arizona,56,83,34
9/19/2020,Arizona,42,60,21
9/26/2020,Arizona,,17,
2/1/2020,Arkansas,0,56,0
2/8/2020,Arkansas,0,50,0
2/15/2020,Arkansas,0,38,0
2/22/2020,Arkansas,0,53,0
2/29/2020,Arkansas,0,32,0
3/7/2020,Arkansas,0,42,0
3/14/2020,Arkansas,0,37,0
3/21/2020,Arkansas,0,54,0
3/28/2020,Arkansas,,41,
4/4/2020,Arkansas,11,52,
4/11/2020,Arkansas,14,59,
4/18/2020,Arkansas,12,49,
4/25/2020,Arkansas,14,46,
5/2/2020,Arkansas,22,40,
5/9/2020,Arkansas,24,45,
5/16/2020,Arkansas,,34,
5/23/2020,Arkansas,20,43,
5/30/2020,Arkansas,19,37,12
6/6/2020,Arkansas,26,40,12
6/13/2020,Arkansas,34,50,17
6/20/2020,Arkansas,45,46,16
6/27/2020,Arkansas,46,54,21
7/4/2020,Arkansas,39,45,16
7/11/2020,Arkansas,47,53,23
7/18/2020,Arkansas,56,58,25
7/25/2020,Arkansas,73,72,35
8/1/2020,Arkansas,83,81,42
8/8/2020,Arkansas,89,79,41
8/15/2020,Arkansas,87,77,32
8/22/2020,Arkansas,89,85,43
8/29/2020,Arkansas,93,80,41
9/5/2020,Arkansas,74,64,34
9/12/2020,Arkansas,88,74,43
9/19/2020,Arkansas,46,46,20
9/26/2020,Arkansas,,20,
2/1/2020,California,0,427,0
2/8/2020,California,,449,0
2/15/2020,California,0,427,0
2/22/2020,California,,462,0
2/29/2020,California,0,433,0
3/7/2020,California,,481,0
3/14/2020,California,,426,
3/21/2020,California,44,480,19
3/28/2020,California,131,580,70
4/4/2020,California,289,630,158
4/11/2020,California,381,644,222
4/18/2020,California,534,739,325
4/25/2020,California,526,677,294
5/2/2020,California,542,625,293
5/9/2020,California,550,623,297
5/16/2020,California,499,572,270
5/23/2020,California,485,559,268
5/30/2020,California,461,572,261
6/6/2020,California,444,530,251
6/13/2020,California,442,531,241
6/20/2020,California,453,505,225
6/27/2020,California,490,555,262
7/4/2020,California,626,605,343
7/11/2020,California,724,714,391
7/18/2020,California,871,750,471
7/25/2020,California,988,862,557
8/1/2020,California,991,869,567
8/8/2020,California,975,843,571
8/15/2020,California,855,796,498
8/22/2020,California,809,711,461
8/29/2020,California,702,646,391
9/5/2020,California,548,583,320
9/12/2020,California,385,485,222
9/19/2020,California,205,287,130
9/26/2020,California,22,82,14
2/1/2020,Colorado,0,46,0
2/8/2020,Colorado,0,50,0
2/15/2020,Colorado,0,49,0
2/22/2020,Colorado,0,45,0
2/29/2020,Colorado,0,57,0
3/7/2020,Colorado,0,51,0
3/14/2020,Colorado,,37,0
3/21/2020,Colorado,16,70,
3/28/2020,Colorado,46,91,27
4/4/2020,Colorado,130,158,86
4/11/2020,Colorado,214,190,123
4/18/2020,Colorado,217,161,118
4/25/2020,Colorado,223,162,111
5/2/2020,Colorado,187,138,89
5/9/2020,Colorado,139,109,65
5/16/2020,Colorado,97,88,45
5/23/2020,Colorado,93,64,28
5/30/2020,Colorado,75,66,39
6/6/2020,Colorado,63,57,32
6/13/2020,Colorado,59,62,34
6/20/2020,Colorado,38,59,19
6/27/2020,Colorado,22,44,
7/4/2020,Colorado,25,41,14
7/11/2020,Colorado,29,40,11
7/18/2020,Colorado,43,56,22
7/25/2020,Colorado,32,57,23
8/1/2020,Colorado,35,51,18
8/8/2020,Colorado,37,49,19
8/15/2020,Colorado,28,41,18
8/22/2020,Colorado,18,37,11
8/29/2020,Colorado,28,38,
9/5/2020,Colorado,20,23,
9/12/2020,Colorado,29,48,11
9/19/2020,Colorado,13,22,
9/26/2020,Colorado,,14,
2/1/2020,Connecticut,0,41,0
2/8/2020,Connecticut,0,38,0
2/15/2020,Connecticut,0,34,0
2/22/2020,Connecticut,0,35,0
2/29/2020,Connecticut,0,59,0
3/7/2020,Connecticut,0,39,0
3/14/2020,Connecticut,0,36,0
3/21/2020,Connecticut,11,44,
3/28/2020,Connecticut,48,49,13
4/4/2020,Connecticut,202,89,32
4/11/2020,Connecticut,508,162,118
4/18/2020,Connecticut,673,163,128
4/25/2020,Connecticut,670,186,147
5/2/2020,Connecticut,567,169,130
5/9/2020,Connecticut,463,153,118
5/16/2020,Connecticut,381,113,87
5/23/2020,Connecticut,283,90,58
5/30/2020,Connecticut,206,68,44
6/6/2020,Connecticut,116,49,19
6/13/2020,Connecticut,86,33,17
6/20/2020,Connecticut,44,30,
6/27/2020,Connecticut,43,38,15
7/4/2020,Connecticut,22,23,
7/11/2020,Connecticut,23,28,
7/18/2020,Connecticut,17,25,
7/25/2020,Connecticut,15,16,
8/1/2020,Connecticut,10,19,
8/8/2020,Connecticut,,20,0
8/15/2020,Connecticut,,19,
8/22/2020,Connecticut,,10,0
8/29/2020,Connecticut,,16,
9/5/2020,Connecticut,,,0
9/12/2020,Connecticut,0,0,0
9/19/2020,Connecticut,,0,0
9/26/2020,Connecticut,0,0,0
2/1/2020,Delaware,0,14,0
2/8/2020,Delaware,0,,0
2/15/2020,Delaware,0,,0
2/22/2020,Delaware,0,13,0
2/29/2020,Delaware,0,,0
3/7/2020,Delaware,0,13,0
3/14/2020,Delaware,0,,0
3/21/2020,Delaware,0,16,0
3/28/2020,Delaware,,12,
4/4/2020,Delaware,,19,
4/11/2020,Delaware,24,21,11
4/18/2020,Delaware,40,27,17
4/25/2020,Delaware,64,38,27
5/2/2020,Delaware,74,37,29
5/9/2020,Delaware,64,34,27
5/16/2020,Delaware,75,26,19
5/23/2020,Delaware,49,24,17
5/30/2020,Delaware,49,26,16
6/6/2020,Delaware,23,15,
6/13/2020,Delaware,20,12,
6/20/2020,Delaware,,,
6/27/2020,Delaware,,12,
7/4/2020,Delaware,,15,
7/11/2020,Delaware,,10,
7/18/2020,Delaware,,11,
7/25/2020,Delaware,,,
8/1/2020,Delaware,,,
8/8/2020,Delaware,,12,
8/15/2020,Delaware,,,
8/22/2020,Delaware,,,
8/29/2020,Delaware,,,0
9/5/2020,Delaware,,,
9/12/2020,Delaware,,,
9/19/2020,Delaware,0,,0
9/26/2020,Delaware,0,0,0
2/1/2020,District of Columbia,0,11,0
2/8/2020,District of Columbia,0,10,0
2/15/2020,District of Columbia,0,12,0
2/22/2020,District of Columbia,0,,0
2/29/2020,District of Columbia,0,,0
3/7/2020,District of Columbia,0,13,0
3/14/2020,District of Columbia,0,,0
3/21/2020,District of Columbia,,10,
3/28/2020,District of Columbia,,20,
4/4/2020,District of Columbia,25,37,25
4/11/2020,District of Columbia,37,49,37
4/18/2020,District of Columbia,59,68,57
4/25/2020,District of Columbia,90,99,90
5/2/2020,District of Columbia,75,81,75
5/9/2020,District of Columbia,86,93,86
5/16/2020,District of Columbia,71,80,71
5/23/2020,District of Columbia,49,51,46
5/30/2020,District of Columbia,42,47,41
6/6/2020,District of Columbia,38,40,36
6/13/2020,District of Columbia,30,35,30
6/20/2020,District of Columbia,28,33,21
6/27/2020,District of Columbia,19,26,18
7/4/2020,District of Columbia,16,18,13
7/11/2020,District of Columbia,,,
7/18/2020,District of Columbia,13,14,
7/25/2020,District of Columbia,,11,
8/1/2020,District of Columbia,10,,
8/8/2020,District of Columbia,,12,
8/15/2020,District of Columbia,,12,
8/22/2020,District of Columbia,11,15,10
8/29/2020,District of Columbia,,15,
9/5/2020,District of Columbia,,14,
9/12/2020,District of Columbia,,10,
9/19/2020,District of Columbia,0,,0
9/26/2020,District of Columbia,,,
2/1/2020,Florida,0,245,0
2/8/2020,Florida,0,286,0
2/15/2020,Florida,0,275,0
2/22/2020,Florida,0,273,0
2/29/2020,Florida,0,267,0
3/7/2020,Florida,,266,
3/14/2020,Florida,,305,
3/21/2020,Florida,17,365,
3/28/2020,Florida,92,368,45
4/4/2020,Florida,217,485,142
4/11/2020,Florida,303,437,158
4/18/2020,Florida,309,441,155
4/25/2020,Florida,323,437,163
5/2/2020,Florida,307,418,170
5/9/2020,Florida,289,385,141
5/16/2020,Florida,257,373,132
5/23/2020,Florida,233,335,114
5/30/2020,Florida,230,332,112
6/6/2020,Florida,220,328,97
6/13/2020,Florida,193,312,101
6/20/2020,Florida,220,340,114
6/27/2020,Florida,318,383,176
7/4/2020,Florida,458,451,221
7/11/2020,Florida,776,591,367
7/18/2020,Florida,1173,816,565
7/25/2020,Florida,1384,916,711
8/1/2020,Florida,1458,956,733
8/8/2020,Florida,1365,1000,808
8/15/2020,Florida,1146,887,653
8/22/2020,Florida,931,817,555
8/29/2020,Florida,783,660,457
9/5/2020,Florida,623,596,370
9/12/2020,Florida,455,503,274
9/19/2020,Florida,237,299,137
9/26/2020,Florida,30,66,19
2/1/2020,Georgia,0,87,0
2/8/2020,Georgia,0,93,0
2/15/2020,Georgia,0,89,0
2/22/2020,Georgia,0,82,0
2/29/2020,Georgia,0,90,0
3/7/2020,Georgia,,86,
3/14/2020,Georgia,,105,
3/21/2020,Georgia,41,134,20
3/28/2020,Georgia,98,158,44
4/4/2020,Georgia,217,234,107
4/11/2020,Georgia,216,224,98
4/18/2020,Georgia,264,212,112
4/25/2020,Georgia,257,219,118
5/2/2020,Georgia,270,205,128
5/9/2020,Georgia,207,188,92
5/16/2020,Georgia,195,156,96
5/23/2020,Georgia,153,147,70
5/30/2020,Georgia,141,115,47
6/6/2020,Georgia,117,138,52
6/13/2020,Georgia,117,130,55
6/20/2020,Georgia,94,110,32
6/27/2020,Georgia,125,119,47
7/4/2020,Georgia,148,112,53
7/11/2020,Georgia,214,159,94
7/18/2020,Georgia,290,206,131
7/25/2020,Georgia,362,237,162
8/1/2020,Georgia,398,246,176
8/8/2020,Georgia,448,278,208
8/15/2020,Georgia,402,297,205
8/22/2020,Georgia,382,276,199
8/29/2020,Georgia,295,240,155
9/5/2020,Georgia,205,183,112
9/12/2020,Georgia,168,149,91
9/19/2020,Georgia,65,74,30
9/26/2020,Georgia,17,17,
2/1/2020,Hawaii,0,19,0
2/8/2020,Hawaii,0,20,0
2/15/2020,Hawaii,0,23,0
2/22/2020,Hawaii,0,17,0
2/29/2020,Hawaii,0,14,0
3/7/2020,Hawaii,0,19,0
3/14/2020,Hawaii,0,18,0
3/21/2020,Hawaii,0,16,0
3/28/2020,Hawaii,0,15,0
4/4/2020,Hawaii,,14,
4/11/2020,Hawaii,,18,
4/18/2020,Hawaii,,,0
4/25/2020,Hawaii,,,
5/2/2020,Hawaii,,18,
5/9/2020,Hawaii,0,12,0
5/16/2020,Hawaii,0,13,0
5/23/2020,Hawaii,0,11,0
5/30/2020,Hawaii,0,11,0
6/6/2020,Hawaii,0,11,0
6/13/2020,Hawaii,0,10,0
6/20/2020,Hawaii,0,12,0
6/27/2020,Hawaii,,,0
7/4/2020,Hawaii,,,0
7/11/2020,Hawaii,,,0
7/18/2020,Hawaii,,12,
7/25/2020,Hawaii,,,0
8/1/2020,Hawaii,,11,0
8/8/2020,Hawaii,,12,
8/15/2020,Hawaii,11,15,
8/22/2020,Hawaii,10,15,
8/29/2020,Hawaii,31,26,18
9/5/2020,Hawaii,26,14,10
9/12/2020,Hawaii,23,24,12
9/19/2020,Hawaii,18,16,
9/26/2020,Hawaii,,,
2/1/2020,Idaho,0,11,0
2/8/2020,Idaho,0,18,0
2/15/2020,Idaho,0,11,0
2/22/2020,Idaho,0,17,0
2/29/2020,Idaho,0,17,0
3/7/2020,Idaho,0,17,0
3/14/2020,Idaho,0,18,0
3/21/2020,Idaho,0,22,0
3/28/2020,Idaho,,15,
4/4/2020,Idaho,,15,
4/11/2020,Idaho,22,18,
4/18/2020,Idaho,12,13,
4/25/2020,Idaho,12,15,
5/2/2020,Idaho,,14,
5/9/2020,Idaho,,,
5/16/2020,Idaho,,11,
5/23/2020,Idaho,,11,
5/30/2020,Idaho,,,0
6/6/2020,Idaho,,,0
6/13/2020,Idaho,,10,
6/20/2020,Idaho,0,12,0
6/27/2020,Idaho,,14,
7/4/2020,Idaho,,15,0
7/11/2020,Idaho,14,,
7/18/2020,Idaho,26,16,
7/25/2020,Idaho,44,26,22
8/1/2020,Idaho,48,33,22
8/8/2020,Idaho,40,22,15
8/15/2020,Idaho,32,23,12
8/22/2020,Idaho,56,29,23
8/29/2020,Idaho,28,24,11
9/5/2020,Idaho,35,27,14
9/12/2020,Idaho,25,18,11
9/19/2020,Idaho,13,,
9/26/2020,Idaho,,,
2/1/2020,Illinois,0,155,0
2/8/2020,Illinois,0,157,0
2/15/2020,Illinois,0,143,0
2/22/2020,Illinois,0,143,0
2/29/2020,Illinois,0,140,0
3/7/2020,Illinois,0,173,0
3/14/2020,Illinois,,167,
3/21/2020,Illinois,14,170,
3/28/2020,Illinois,73,235,44
4/4/2020,Illinois,296,370,177
4/11/2020,Illinois,471,425,254
4/18/2020,Illinois,588,503,323
4/25/2020,Illinois,674,456,324
5/2/2020,Illinois,739,529,376
5/9/2020,Illinois,786,527,396
5/16/2020,Illinois,696,431,315
5/23/2020,Illinois,568,428,300
5/30/2020,Illinois,470,301,209
6/6/2020,Illinois,426,310,203
6/13/2020,Illinois,318,261,165
6/20/2020,Illinois,269,208,120
6/27/2020,Illinois,150,138,54
7/4/2020,Illinois,146,153,62
7/11/2020,Illinois,110,152,45
7/18/2020,Illinois,89,113,33
7/25/2020,Illinois,80,129,38
8/1/2020,Illinois,89,122,37
8/8/2020,Illinois,96,134,39
8/15/2020,Illinois,96,143,35
8/22/2020,Illinois,94,139,40
8/29/2020,Illinois,126,153,60
9/5/2020,Illinois,116,147,47
9/12/2020,Illinois,110,127,53
9/19/2020,Illinois,82,127,37
9/26/2020,Illinois,18,64,11
2/1/2020,Indiana,0,96,0
2/8/2020,Indiana,0,106,0
2/15/2020,Indiana,0,92,0
2/22/2020,Indiana,0,105,0
2/29/2020,Indiana,0,105,0
3/7/2020,Indiana,0,95,0
3/14/2020,Indiana,0,113,0
3/21/2020,Indiana,15,94,
3/28/2020,Indiana,51,132,24
4/4/2020,Indiana,158,220,92
4/11/2020,Indiana,235,238,122
4/18/2020,Indiana,272,217,125
4/25/2020,Indiana,307,228,128
5/2/2020,Indiana,293,223,115
5/9/2020,Indiana,263,179,101
5/16/2020,Indiana,255,154,79
5/23/2020,Indiana,196,138,64
5/30/2020,Indiana,145,132,63
6/6/2020,Indiana,139,123,60
6/13/2020,Indiana,125,114,54
6/20/2020,Indiana,111,112,41
6/27/2020,Indiana,77,102,20
7/4/2020,Indiana,64,91,18
7/11/2020,Indiana,81,103,37
7/18/2020,Indiana,64,96,24
7/25/2020,Indiana,77,101,31
8/1/2020,Indiana,79,100,34
8/8/2020,Indiana,74,106,35
8/15/2020,Indiana,98,105,38
8/22/2020,Indiana,95,119,49
8/29/2020,Indiana,76,95,33
9/5/2020,Indiana,72,105,40
9/12/2020,Indiana,80,102,41
9/19/2020,Indiana,62,81,28
9/26/2020,Indiana,,12,
2/1/2020,Iowa,0,54,0
2/8/2020,Iowa,0,42,0
2/15/2020,Iowa,0,37,0
2/22/2020,Iowa,0,42,0
2/29/2020,Iowa,0,36,0
3/7/2020,Iowa,0,42,0
3/14/2020,Iowa,0,51,0
3/21/2020,Iowa,0,35,0
3/28/2020,Iowa,,51,0
4/4/2020,Iowa,17,58,
4/11/2020,Iowa,22,41,
4/18/2020,Iowa,36,45,
4/25/2020,Iowa,52,42,12
5/2/2020,Iowa,69,45,16
5/9/2020,Iowa,91,58,25
5/16/2020,Iowa,102,62,33
5/23/2020,Iowa,101,58,35
5/30/2020,Iowa,91,45,24
6/6/2020,Iowa,68,49,22
6/13/2020,Iowa,40,40,16
6/20/2020,Iowa,32,37,13
6/27/2020,Iowa,20,22,
7/4/2020,Iowa,20,27,
7/11/2020,Iowa,26,25,
7/18/2020,Iowa,40,31,12
7/25/2020,Iowa,44,35,11
8/1/2020,Iowa,51,47,22
8/8/2020,Iowa,54,49,15
8/15/2020,Iowa,55,45,14
8/22/2020,Iowa,61,47,16
8/29/2020,Iowa,74,56,28
9/5/2020,Iowa,56,42,18
9/12/2020,Iowa,54,45,20
9/19/2020,Iowa,21,26,
9/26/2020,Iowa,,17,
2/1/2020,Kansas,0,36,0
2/8/2020,Kansas,0,27,0
2/15/2020,Kansas,0,38,0
2/22/2020,Kansas,0,37,0
2/29/2020,Kansas,0,33,0
3/7/2020,Kansas,0,43,0
3/14/2020,Kansas,,47,0
3/21/2020,Kansas,,27,0
3/28/2020,Kansas,,42,
4/4/2020,Kansas,21,43,
4/11/2020,Kansas,35,57,14
4/18/2020,Kansas,40,44,21
4/25/2020,Kansas,22,42,13
5/2/2020,Kansas,25,34,12
5/9/2020,Kansas,33,40,15
5/16/2020,Kansas,27,35,
5/23/2020,Kansas,,24,
5/30/2020,Kansas,14,23,
6/6/2020,Kansas,17,30,
6/13/2020,Kansas,,33,
6/20/2020,Kansas,20,34,14
6/27/2020,Kansas,17,30,11
7/4/2020,Kansas,12,27,
7/11/2020,Kansas,16,14,0
7/18/2020,Kansas,24,25,
7/25/2020,Kansas,35,35,13
8/1/2020,Kansas,40,40,19
8/8/2020,Kansas,34,44,16
8/15/2020,Kansas,39,41,14
8/22/2020,Kansas,38,33,12
8/29/2020,Kansas,46,31,13
9/5/2020,Kansas,37,52,15
9/12/2020,Kansas,48,33,16
9/19/2020,Kansas,39,32,12
9/26/2020,Kansas,,13,
2/1/2020,Kentucky,0,93,0
2/8/2020,Kentucky,0,92,0
2/15/2020,Kentucky,0,77,0
2/22/2020,Kentucky,0,81,0
2/29/2020,Kentucky,0,86,0
3/7/2020,Kentucky,0,79,0
3/14/2020,Kentucky,0,86,0
3/21/2020,Kentucky,,82,
3/28/2020,Kentucky,,75,
4/4/2020,Kentucky,47,113,32
4/11/2020,Kentucky,53,112,34
4/18/2020,Kentucky,59,97,29
4/25/2020,Kentucky,68,113,35
5/2/2020,Kentucky,48,83,15
5/9/2020,Kentucky,61,97,25
5/16/2020,Kentucky,51,85,21
5/23/2020,Kentucky,49,93,30
5/30/2020,Kentucky,44,90,20
6/6/2020,Kentucky,39,94,17
6/13/2020,Kentucky,43,88,24
6/20/2020,Kentucky,26,95,13
6/27/2020,Kentucky,37,95,15
7/4/2020,Kentucky,36,62,10
7/11/2020,Kentucky,35,80,16
7/18/2020,Kentucky,36,72,13
7/25/2020,Kentucky,46,89,17
8/1/2020,Kentucky,45,73,20
8/8/2020,Kentucky,50,93,24
8/15/2020,Kentucky,61,87,31
8/22/2020,Kentucky,66,97,32
8/29/2020,Kentucky,60,76,26
9/5/2020,Kentucky,67,73,24
9/12/2020,Kentucky,50,62,23
9/19/2020,Kentucky,14,29,
9/26/2020,Kentucky,,11,
2/1/2020,Louisiana,0,42,0
2/8/2020,Louisiana,0,36,0
2/15/2020,Louisiana,0,45,0
2/22/2020,Louisiana,,40,
2/29/2020,Louisiana,,49,
3/7/2020,Louisiana,,49,
3/14/2020,Louisiana,0,44,0
3/21/2020,Louisiana,41,71,21
3/28/2020,Louisiana,188,121,63
4/4/2020,Louisiana,391,228,163
4/11/2020,Louisiana,452,242,184
4/18/2020,Louisiana,390,235,181
4/25/2020,Louisiana,335,213,172
5/2/2020,Louisiana,268,183,130
5/9/2020,Louisiana,240,175,139
5/16/2020,Louisiana,170,139,94
5/23/2020,Louisiana,131,93,64
5/30/2020,Louisiana,120,93,52
6/6/2020,Louisiana,102,97,59
6/13/2020,Louisiana,73,62,34
6/20/2020,Louisiana,85,74,49
6/27/2020,Louisiana,72,58,32
7/4/2020,Louisiana,85,79,45
7/11/2020,Louisiana,119,102,59
7/18/2020,Louisiana,153,120,78
7/25/2020,Louisiana,219,141,103
8/1/2020,Louisiana,231,154,107
8/8/2020,Louisiana,235,168,123
8/15/2020,Louisiana,191,156,115
8/22/2020,Louisiana,173,113,92
8/29/2020,Louisiana,121,87,69
9/5/2020,Louisiana,89,66,47
9/12/2020,Louisiana,64,56,36
9/19/2020,Louisiana,23,18,
9/26/2020,Louisiana,,,
2/1/2020,Maine,0,19,0
2/8/2020,Maine,0,29,0
2/15/2020,Maine,0,23,0
2/22/2020,Maine,0,18,0
2/29/2020,Maine,0,25,0
3/7/2020,Maine,0,30,0
3/14/2020,Maine,0,29,0
3/21/2020,Maine,0,16,0
3/28/2020,Maine,,31,
4/4/2020,Maine,,35,
4/11/2020,Maine,12,31,
4/18/2020,Maine,11,23,0
4/25/2020,Maine,18,16,
5/2/2020,Maine,,13,
5/9/2020,Maine,,23,
5/16/2020,Maine,10,,
5/23/2020,Maine,,15,
5/30/2020,Maine,13,19,
6/6/2020,Maine,,11,
6/13/2020,Maine,,10,
6/20/2020,Maine,,16,
6/27/2020,Maine,,15,
7/4/2020,Maine,,19,0
7/11/2020,Maine,,12,0
7/18/2020,Maine,,11,
7/25/2020,Maine,,18,0
8/1/2020,Maine,,12,
8/8/2020,Maine,,15,
8/15/2020,Maine,,14,0
8/22/2020,Maine,,13,
8/29/2020,Maine,,12,
9/5/2020,Maine,,13,
9/12/2020,Maine,,18,
9/19/2020,Maine,,14,
9/26/2020,Maine,,,
2/1/2020,Maryland,0,69,0
2/8/2020,Maryland,0,62,0
2/15/2020,Maryland,0,71,0
2/22/2020,Maryland,0,62,0
2/29/2020,Maryland,0,75,0
3/7/2020,Maryland,0,82,0
3/14/2020,Maryland,0,65,0
3/21/2020,Maryland,,81,
3/28/2020,Maryland,18,101,10
4/4/2020,Maryland,86,156,41
4/11/2020,Maryland,212,180,90
4/18/2020,Maryland,298,209,118
4/25/2020,Maryland,392,205,124
5/2/2020,Maryland,426,226,147
5/9/2020,Maryland,415,214,160
5/16/2020,Maryland,389,186,134
5/23/2020,Maryland,296,175,110
5/30/2020,Maryland,288,164,103
6/6/2020,Maryland,233,158,104
6/13/2020,Maryland,191,129,76
6/20/2020,Maryland,134,117,45
6/27/2020,Maryland,114,92,40
7/4/2020,Maryland,92,79,29
7/11/2020,Maryland,74,72,20
7/18/2020,Maryland,62,74,25
7/25/2020,Maryland,65,73,29
8/1/2020,Maryland,78,79,24
8/8/2020,Maryland,71,72,19
8/15/2020,Maryland,61,73,23
8/22/2020,Maryland,58,63,16
8/29/2020,Maryland,54,70,16
9/5/2020,Maryland,54,68,23
9/12/2020,Maryland,31,40,
9/19/2020,Maryland,30,50,15
9/26/2020,Maryland,,42,
2/1/2020,Massachusetts,0,104,0
2/8/2020,Massachusetts,0,92,0
2/15/2020,Massachusetts,0,93,0
2/22/2020,Massachusetts,,89,0
2/29/2020,Massachusetts,0,100,0
3/7/2020,Massachusetts,,86,0
3/14/2020,Massachusetts,0,94,0
3/21/2020,Massachusetts,,107,
3/28/2020,Massachusetts,48,135,20
4/4/2020,Massachusetts,229,254,122
4/11/2020,Massachusetts,640,375,241
4/18/2020,Massachusetts,1105,503,366
4/25/2020,Massachusetts,1235,571,453
5/2/2020,Massachusetts,1121,502,410
5/9/2020,Massachusetts,938,437,359
5/16/2020,Massachusetts,785,320,242
5/23/2020,Massachusetts,530,243,178
5/30/2020,Massachusetts,388,199,149
6/6/2020,Massachusetts,243,149,90
6/13/2020,Massachusetts,181,132,73
6/20/2020,Massachusetts,131,98,40
6/27/2020,Massachusetts,95,75,24
7/4/2020,Massachusetts,66,81,26
7/11/2020,Massachusetts,58,49,14
7/18/2020,Massachusetts,35,54,10
7/25/2020,Massachusetts,36,54,10
8/1/2020,Massachusetts,29,51,
8/8/2020,Massachusetts,28,47,
8/15/2020,Massachusetts,21,52,
8/22/2020,Massachusetts,33,55,
8/29/2020,Massachusetts,23,57,
9/5/2020,Massachusetts,18,38,
9/12/2020,Massachusetts,22,40,
9/19/2020,Massachusetts,15,48,
9/26/2020,Massachusetts,,21,
2/1/2020,Michigan,0,116,0
2/8/2020,Michigan,0,133,0
2/15/2020,Michigan,0,111,0
2/22/2020,Michigan,0,131,0
2/29/2020,Michigan,0,102,0
3/7/2020,Michigan,0,112,0
3/14/2020,Michigan,,134,
3/21/2020,Michigan,21,133,
3/28/2020,Michigan,231,281,118
4/4/2020,Michigan,676,587,367
4/11/2020,Michigan,967,699,493
4/18/2020,Michigan,972,656,510
4/25/2020,Michigan,773,529,392
5/2/2020,Michigan,592,383,275
5/9/2020,Michigan,446,298,191
5/16/2020,Michigan,289,242,142
5/23/2020,Michigan,230,193,102
5/30/2020,Michigan,171,132,61
6/6/2020,Michigan,116,134,53
6/13/2020,Michigan,76,101,27
6/20/2020,Michigan,57,106,21
6/27/2020,Michigan,45,105,16
7/4/2020,Michigan,41,87,18
7/11/2020,Michigan,42,91,13
7/18/2020,Michigan,34,78,16
7/25/2020,Michigan,36,97,12
8/1/2020,Michigan,54,104,20
8/8/2020,Michigan,44,114,20
8/15/2020,Michigan,57,131,25
8/22/2020,Michigan,57,117,25
8/29/2020,Michigan,60,105,30
9/5/2020,Michigan,49,98,27
9/12/2020,Michigan,35,82,16
9/19/2020,Michigan,33,86,18
9/26/2020,Michigan,,27,
2/1/2020,Minnesota,0,76,0
2/8/2020,Minnesota,0,60,0
2/15/2020,Minnesota,0,51,0
2/22/2020,Minnesota,0,63,0
2/29/2020,Minnesota,0,67,0
3/7/2020,Minnesota,0,69,0
3/14/2020,Minnesota,0,50,0
3/21/2020,Minnesota,,67,
3/28/2020,Minnesota,11,62,
4/4/2020,Minnesota,25,63,10
4/11/2020,Minnesota,45,91,18
4/18/2020,Minnesota,79,90,24
4/25/2020,Minnesota,147,96,41
5/2/2020,Minnesota,154,97,43
5/9/2020,Minnesota,167,82,42
5/16/2020,Minnesota,142,95,53
5/23/2020,Minnesota,164,78,40
5/30/2020,Minnesota,156,90,37
6/6/2020,Minnesota,151,84,40
6/13/2020,Minnesota,90,62,25
6/20/2020,Minnesota,68,65,16
6/27/2020,Minnesota,54,58,12
7/4/2020,Minnesota,44,45,
7/11/2020,Minnesota,31,46,
7/18/2020,Minnesota,38,56,10
7/25/2020,Minnesota,34,53,
8/1/2020,Minnesota,36,39,10
8/8/2020,Minnesota,45,56,17
8/15/2020,Minnesota,46,54,16
8/22/2020,Minnesota,55,58,20
8/29/2020,Minnesota,36,55,16
9/5/2020,Minnesota,48,49,15
9/12/2020,Minnesota,51,41,11
9/19/2020,Minnesota,44,43,12
9/26/2020,Minnesota,13,26,
2/1/2020,Mississippi,0,51,0
2/8/2020,Mississippi,0,56,0
2/15/2020,Mississippi,0,50,0
2/22/2020,Mississippi,0,43,0
2/29/2020,Mississippi,0,55,0
3/7/2020,Mississippi,0,57,0
3/14/2020,Mississippi,0,49,0
3/21/2020,Mississippi,,51,0
3/28/2020,Mississippi,15,61,
4/4/2020,Mississippi,53,85,24
4/11/2020,Mississippi,64,86,34
4/18/2020,Mississippi,66,91,32
4/25/2020,Mississippi,66,80,28
5/2/2020,Mississippi,100,87,45
5/9/2020,Mississippi,86,76,28
5/16/2020,Mississippi,108,110,54
5/23/2020,Mississippi,100,96,48
5/30/2020,Mississippi,107,96,56
6/6/2020,Mississippi,89,66,39
6/13/2020,Mississippi,69,70,36
6/20/2020,Mississippi,74,83,39
6/27/2020,Mississippi,68,67,35
7/4/2020,Mississippi,91,74,38
7/11/2020,Mississippi,115,96,53
7/18/2020,Mississippi,126,124,78
7/25/2020,Mississippi,159,132,83
8/1/2020,Mississippi,218,158,115
8/8/2020,Mississippi,196,162,114
8/15/2020,Mississippi,189,153,116
8/22/2020,Mississippi,181,150,107
8/29/2020,Mississippi,144,102,70
9/5/2020,Mississippi,107,95,55
9/12/2020,Mississippi,95,79,50
9/19/2020,Mississippi,67,62,32
9/26/2020,Mississippi,11,13,
2/1/2020,Missouri,0,86,0
2/8/2020,Missouri,0,72,0
2/15/2020,Missouri,0,66,0
2/22/2020,Missouri,,62,0
2/29/2020,Missouri,0,89,0
3/7/2020,Missouri,0,87,0
3/14/2020,Missouri,0,78,0
3/21/2020,Missouri,,67,
3/28/2020,Missouri,18,106,11
4/4/2020,Missouri,55,107,24
4/11/2020,Missouri,97,103,26
4/18/2020,Missouri,92,94,24
4/25/2020,Missouri,129,119,51
5/2/2020,Missouri,117,97,41
5/9/2020,Missouri,119,99,42
5/16/2020,Missouri,90,82,25
5/23/2020,Missouri,75,82,28
5/30/2020,Missouri,59,61,16
6/6/2020,Missouri,50,65,18
6/13/2020,Missouri,40,77,14
6/20/2020,Missouri,43,59,
6/27/2020,Missouri,42,66,12
7/4/2020,Missouri,39,50,11
7/11/2020,Missouri,36,57,
7/18/2020,Missouri,46,69,13
7/25/2020,Missouri,82,78,30
8/1/2020,Missouri,75,84,30
8/8/2020,Missouri,95,108,38
8/15/2020,Missouri,102,97,36
8/22/2020,Missouri,93,89,39
8/29/2020,Missouri,116,102,46
9/5/2020,Missouri,101,102,50
9/12/2020,Missouri,118,83,40
9/19/2020,Missouri,67,74,34
9/26/2020,Missouri,15,13,
2/1/2020,Montana,0,10,0
2/8/2020,Montana,0,,0
2/15/2020,Montana,0,,0
2/22/2020,Montana,0,15,0
2/29/2020,Montana,0,,0
3/7/2020,Montana,0,12,0
3/14/2020,Montana,0,11,0
3/21/2020,Montana,0,21,0
3/28/2020,Montana,,21,
4/4/2020,Montana,,13,0
4/11/2020,Montana,0,12,0
4/18/2020,Montana,,11,
4/25/2020,Montana,,,0
5/2/2020,Montana,,10,
5/9/2020,Montana,0,,0
5/16/2020,Montana,0,10,0
5/23/2020,Montana,0,,0
5/30/2020,Montana,,,0
6/6/2020,Montana,,14,
6/13/2020,Montana,,,0
6/20/2020,Montana,,,0
6/27/2020,Montana,,11,0
7/4/2020,Montana,,,
7/11/2020,Montana,,,0
7/18/2020,Montana,,10,
7/25/2020,Montana,12,,
8/1/2020,Montana,16,,
8/8/2020,Montana,15,18,
8/15/2020,Montana,,10,
8/22/2020,Montana,10,,
8/29/2020,Montana,11,10,
9/5/2020,Montana,17,20,12
9/12/2020,Montana,14,14,
9/19/2020,Montana,,,
9/26/2020,Montana,0,0,0
2/1/2020,Nebraska,0,29,0
2/8/2020,Nebraska,0,21,0
2/15/2020,Nebraska,0,29,0
2/22/2020,Nebraska,0,29,0
2/29/2020,Nebraska,0,22,0
3/7/2020,Nebraska,0,30,0
3/14/2020,Nebraska,0,24,0
3/21/2020,Nebraska,0,31,0
3/28/2020,Nebraska,,22,0
4/4/2020,Nebraska,,30,
4/11/2020,Nebraska,11,22,
4/18/2020,Nebraska,16,34,
4/25/2020,Nebraska,30,31,
5/2/2020,Nebraska,20,28,
5/9/2020,Nebraska,21,26,
5/16/2020,Nebraska,30,25,12
5/23/2020,Nebraska,32,32,12
5/30/2020,Nebraska,21,25,
6/6/2020,Nebraska,19,20,10
6/13/2020,Nebraska,26,22,
6/20/2020,Nebraska,23,23,17
6/27/2020,Nebraska,18,21,
7/4/2020,Nebraska,12,23,
7/11/2020,Nebraska,10,21,
7/18/2020,Nebraska,,21,
7/25/2020,Nebraska,14,21,
8/1/2020,Nebraska,13,24,
8/8/2020,Nebraska,22,29,
8/15/2020,Nebraska,22,29,
8/22/2020,Nebraska,27,23,
8/29/2020,Nebraska,11,15,
9/5/2020,Nebraska,33,23,16
9/12/2020,Nebraska,20,22,11
9/19/2020,Nebraska,11,,
9/26/2020,Nebraska,,,
2/1/2020,Nevada,0,32,0
2/8/2020,Nevada,0,45,0
2/15/2020,Nevada,0,29,0
2/22/2020,Nevada,0,26,0
2/29/2020,Nevada,0,39,0
3/7/2020,Nevada,0,33,0
3/14/2020,Nevada,0,48,0
3/21/2020,Nevada,,47,
3/28/2020,Nevada,19,57,16
4/4/2020,Nevada,43,78,33
4/11/2020,Nevada,55,91,43
4/18/2020,Nevada,43,52,33
4/25/2020,Nevada,62,85,50
5/2/2020,Nevada,48,65,32
5/9/2020,Nevada,51,58,32
5/16/2020,Nevada,34,43,24
5/23/2020,Nevada,36,45,24
5/30/2020,Nevada,29,56,21
6/6/2020,Nevada,21,36,15
6/13/2020,Nevada,17,39,
6/20/2020,Nevada,20,42,15
6/27/2020,Nevada,23,44,16
7/4/2020,Nevada,43,55,34
7/11/2020,Nevada,65,76,48
7/18/2020,Nevada,86,96,70
7/25/2020,Nevada,92,105,69
8/1/2020,Nevada,104,105,77
8/8/2020,Nevada,127,136,106
8/15/2020,Nevada,111,113,85
8/22/2020,Nevada,97,103,75
8/29/2020,Nevada,71,73,53
9/5/2020,Nevada,70,80,52
9/12/2020,Nevada,45,60,40
9/19/2020,Nevada,28,38,21
9/26/2020,Nevada,,,
2/1/2020,New Hampshire,0,12,0
2/8/2020,New Hampshire,0,12,0
2/15/2020,New Hampshire,0,10,0
2/22/2020,New Hampshire,0,25,0
2/29/2020,New Hampshire,0,14,0
3/7/2020,New Hampshire,0,16,0
3/14/2020,New Hampshire,0,19,0
3/21/2020,New Hampshire,0,20,0
3/28/2020,New Hampshire,,24,
4/4/2020,New Hampshire,12,13,
4/11/2020,New Hampshire,17,25,
4/18/2020,New Hampshire,16,16,
4/25/2020,New Hampshire,19,30,
5/2/2020,New Hampshire,37,19,
5/9/2020,New Hampshire,43,23,
5/16/2020,New Hampshire,40,36,20
5/23/2020,New Hampshire,35,18,12
5/30/2020,New Hampshire,39,17,
6/6/2020,New Hampshire,33,13,
6/13/2020,New Hampshire,31,15,
6/20/2020,New Hampshire,13,11,
6/27/2020,New Hampshire,24,13,
7/4/2020,New Hampshire,14,,
7/11/2020,New Hampshire,,11,0
7/18/2020,New Hampshire,,10,
7/25/2020,New Hampshire,,12,
8/1/2020,New Hampshire,,,
8/8/2020,New Hampshire,,10,0
8/15/2020,New Hampshire,,12,
8/22/2020,New Hampshire,,12,
8/29/2020,New Hampshire,,10,0
9/5/2020,New Hampshire,,,
9/12/2020,New Hampshire,,,0
9/19/2020,New Hampshire,0,,0
9/26/2020,New Hampshire,0,,0
2/1/2020,New Jersey,0,86,0
2/8/2020,New Jersey,0,82,0
2/15/2020,New Jersey,0,77,0
2/22/2020,New Jersey,0,81,0
2/29/2020,New Jersey,0,91,0
3/7/2020,New Jersey,0,87,0
3/14/2020,New Jersey,,87,0
3/21/2020,New Jersey,36,121,22
3/28/2020,New Jersey,284,332,149
4/4/2020,New Jersey,1233,878,629
4/11/2020,New Jersey,2354,1418,1180
4/18/2020,New Jersey,2485,1346,1153
4/25/2020,New Jersey,2037,1196,1005
5/2/2020,New Jersey,1551,898,765
5/9/2020,New Jersey,1120,624,531
5/16/2020,New Jersey,825,472,390
5/23/2020,New Jersey,550,329,259
5/30/2020,New Jersey,395,299,201
6/6/2020,New Jersey,311,222,152
6/13/2020,New Jersey,218,168,102
6/20/2020,New Jersey,161,131,76
6/27/2020,New Jersey,139,99,45
7/4/2020,New Jersey,100,93,41
7/11/2020,New Jersey,85,83,33
7/18/2020,New Jersey,61,83,22
7/25/2020,New Jersey,63,82,21
8/1/2020,New Jersey,60,78,25
8/8/2020,New Jersey,36,77,14
8/15/2020,New Jersey,43,81,18
8/22/2020,New Jersey,35,61,15
8/29/2020,New Jersey,33,76,11
9/5/2020,New Jersey,31,86,18
9/12/2020,New Jersey,30,66,17
9/19/2020,New Jersey,16,48,
9/26/2020,New Jersey,,29,
2/1/2020,New Mexico,0,27,0
2/8/2020,New Mexico,0,19,0
2/15/2020,New Mexico,0,33,0
2/22/2020,New Mexico,0,24,0
2/29/2020,New Mexico,0,25,0
3/7/2020,New Mexico,0,27,0
3/14/2020,New Mexico,0,22,0
3/21/2020,New Mexico,0,28,0
3/28/2020,New Mexico,,24,
4/4/2020,New Mexico,,35,
4/11/2020,New Mexico,22,40,11
4/18/2020,New Mexico,34,46,19
4/25/2020,New Mexico,47,38,17
5/2/2020,New Mexico,74,46,36
5/9/2020,New Mexico,66,42,22
5/16/2020,New Mexico,64,36,15
5/23/2020,New Mexico,42,37,18
5/30/2020,New Mexico,50,37,25
6/6/2020,New Mexico,36,32,17
6/13/2020,New Mexico,35,41,20
6/20/2020,New Mexico,26,29,11
6/27/2020,New Mexico,20,27,
7/4/2020,New Mexico,26,27,
7/11/2020,New Mexico,29,30,14
7/18/2020,New Mexico,30,22,14
7/25/2020,New Mexico,42,35,24
8/1/2020,New Mexico,38,34,17
8/8/2020,New Mexico,22,22,10
8/15/2020,New Mexico,19,22,
8/22/2020,New Mexico,20,23,11
8/29/2020,New Mexico,18,12,
9/5/2020,New Mexico,,17,
9/12/2020,New Mexico,,14,
9/19/2020,New Mexico,,,
9/26/2020,New Mexico,,,0
2/1/2020,New York,0,146,0
2/8/2020,New York,0,151,0
2/15/2020,New York,0,161,0
2/22/2020,New York,,157,0
2/29/2020,New York,0,163,0
3/7/2020,New York,0,164,0
3/14/2020,New York,,171,
3/21/2020,New York,41,215,20
3/28/2020,New York,293,427,178
4/4/2020,New York,1124,950,630
4/11/2020,New York,2003,1329,1045
4/18/2020,New York,2003,1257,1011
4/25/2020,New York,1592,968,759
5/2/2020,New York,1133,676,510
5/9/2020,New York,879,524,400
5/16/2020,New York,668,432,297
5/23/2020,New York,452,331,196
5/30/2020,New York,328,244,127
6/6/2020,New York,262,224,119
6/13/2020,New York,180,183,76
6/20/2020,New York,126,156,45
6/27/2020,New York,74,149,29
7/4/2020,New York,61,140,20
7/11/2020,New York,64,138,18
7/18/2020,New York,58,141,22
7/25/2020,New York,42,125,15
8/1/2020,New York,38,111,
8/8/2020,New York,31,128,14
8/15/2020,New York,38,116,14
8/22/2020,New York,32,114,10
8/29/2020,New York,24,93,
9/5/2020,New York,29,102,12
9/12/2020,New York,25,133,12
9/19/2020,New York,22,126,
9/26/2020,New York,,89,
2/1/2020,New York City,0,95,0
2/8/2020,New York City,0,101,0
2/15/2020,New York City,0,91,0
2/22/2020,New York City,0,77,0
2/29/2020,New York City,0,84,0
3/7/2020,New York City,0,93,0
3/14/2020,New York City,,105,
3/21/2020,New York City,124,157,39
3/28/2020,New York City,976,607,367
4/4/2020,New York City,3305,1783,1368
4/11/2020,New York City,4848,2148,1855
4/18/2020,New York City,3906,1566,1428
4/25/2020,New York City,2621,1151,1053
5/2/2020,New York City,1723,757,671
5/9/2020,New York City,1050,481,408
5/16/2020,New York City,616,307,241
5/23/2020,New York City,413,200,145
5/30/2020,New York City,280,150,98
6/6/2020,New York City,196,127,74
6/13/2020,New York City,139,108,45
6/20/2020,New York City,89,94,34
6/27/2020,New York City,71,70,19
7/4/2020,New York City,49,65,16
7/11/2020,New York City,40,74,15
7/18/2020,New York City,50,75,17
7/25/2020,New York City,44,76,12
8/1/2020,New York City,34,77,15
8/8/2020,New York City,23,66,
8/15/2020,New York City,28,59,
8/22/2020,New York City,20,64,
8/29/2020,New York City,18,57,
9/5/2020,New York City,23,63,
9/12/2020,New York City,15,66,
9/19/2020,New York City,24,59,
9/26/2020,New York City,10,58,
2/1/2020,North Carolina,0,123,0
2/8/2020,North Carolina,0,123,0
2/15/2020,North Carolina,0,141,0
2/22/2020,North Carolina,0,120,0
2/29/2020,North Carolina,0,115,0
3/7/2020,North Carolina,,109,0
3/14/2020,North Carolina,0,112,0
3/21/2020,North Carolina,,122,
3/28/2020,North Carolina,11,144,
4/4/2020,North Carolina,44,164,16
4/11/2020,North Carolina,61,158,26
4/18/2020,North Carolina,138,169,48
4/25/2020,North Carolina,120,174,42
5/2/2020,North Carolina,119,137,38
5/9/2020,North Carolina,118,156,45
5/16/2020,North Carolina,103,138,40
5/23/2020,North Carolina,106,145,33
5/30/2020,North Carolina,159,144,58
6/6/2020,North Carolina,127,142,45
6/13/2020,North Carolina,113,138,46
6/20/2020,North Carolina,101,135,37
6/27/2020,North Carolina,102,109,42
7/4/2020,North Carolina,100,123,42
7/11/2020,North Carolina,126,127,48
7/18/2020,North Carolina,147,121,60
7/25/2020,North Carolina,170,124,69
8/1/2020,North Carolina,172,97,73
8/8/2020,North Carolina,124,125,52
8/15/2020,North Carolina,113,116,57
8/22/2020,North Carolina,33,19,12
8/29/2020,North Carolina,0,0,0
9/5/2020,North Carolina,0,0,0
9/12/2020,North Carolina,0,0,0
9/19/2020,North Carolina,0,0,0
9/26/2020,North Carolina,0,0,0
2/1/2020,North Dakota,0,10,0
2/8/2020,North Dakota,0,,0
2/15/2020,North Dakota,0,,0
2/22/2020,North Dakota,0,11,0
2/29/2020,North Dakota,0,13,0
3/7/2020,North Dakota,0,18,0
3/14/2020,North Dakota,0,15,0
3/21/2020,North Dakota,0,23,0
3/28/2020,North Dakota,,13,0
4/4/2020,North Dakota,,12,0
4/11/2020,North Dakota,,13,
4/18/2020,North Dakota,,17,
4/25/2020,North Dakota,11,18,
5/2/2020,North Dakota,,14,
5/9/2020,North Dakota,11,,
5/16/2020,North Dakota,14,14,
5/23/2020,North Dakota,10,,0
5/30/2020,North Dakota,14,11,
6/6/2020,North Dakota,,14,
6/13/2020,North Dakota,,,0
6/20/2020,North Dakota,,,
6/27/2020,North Dakota,,10,
7/4/2020,North Dakota,,,0
7/11/2020,North Dakota,,12,
7/18/2020,North Dakota,,11,
7/25/2020,North Dakota,,11,
8/1/2020,North Dakota,,14,
8/8/2020,North Dakota,,15,
8/15/2020,North Dakota,12,15,
8/22/2020,North Dakota,,,
8/29/2020,North Dakota,,,
9/5/2020,North Dakota,14,15,
9/12/2020,North Dakota,10,,
9/19/2020,North Dakota,13,,
9/26/2020,North Dakota,,,
2/1/2020,Ohio,0,126,0
2/8/2020,Ohio,0,128,0
2/15/2020,Ohio,0,138,0
2/22/2020,Ohio,0,121,0
2/29/2020,Ohio,0,123,0
3/7/2020,Ohio,0,144,0
3/14/2020,Ohio,,140,
3/21/2020,Ohio,,155,
3/28/2020,Ohio,44,189,18
4/4/2020,Ohio,118,193,53
4/11/2020,Ohio,176,252,82
4/18/2020,Ohio,270,277,135
4/25/2020,Ohio,285,244,120
5/2/2020,Ohio,321,235,126
5/9/2020,Ohio,288,193,98
5/16/2020,Ohio,255,225,115
5/23/2020,Ohio,263,198,110
5/30/2020,Ohio,179,167,69
6/6/2020,Ohio,181,193,79
6/13/2020,Ohio,128,149,55
6/20/2020,Ohio,105,117,36
6/27/2020,Ohio,102,123,39
7/4/2020,Ohio,102,119,40
7/11/2020,Ohio,124,155,55
7/18/2020,Ohio,118,161,52
7/25/2020,Ohio,177,177,75
8/1/2020,Ohio,175,174,77
8/8/2020,Ohio,151,187,69
8/15/2020,Ohio,177,158,80
8/22/2020,Ohio,159,173,68
8/29/2020,Ohio,151,148,63
9/5/2020,Ohio,110,108,56
9/12/2020,Ohio,58,81,29
9/19/2020,Ohio,24,44,16
9/26/2020,Ohio,,,0
2/1/2020,Oklahoma,0,66,0
2/8/2020,Oklahoma,0,57,0
2/15/2020,Oklahoma,0,76,0
2/22/2020,Oklahoma,0,67,0
2/29/2020,Oklahoma,0,70,0
3/7/2020,Oklahoma,,68,0
3/14/2020,Oklahoma,0,73,0
3/21/2020,Oklahoma,,82,
3/28/2020,Oklahoma,18,81,
4/4/2020,Oklahoma,41,97,20
4/11/2020,Oklahoma,51,104,26
4/18/2020,Oklahoma,46,81,15
4/25/2020,Oklahoma,43,66,
5/2/2020,Oklahoma,42,66,20
5/9/2020,Oklahoma,29,69,13
5/16/2020,Oklahoma,20,60,
5/23/2020,Oklahoma,23,68,10
5/30/2020,Oklahoma,25,50,10
6/6/2020,Oklahoma,14,53,
6/13/2020,Oklahoma,15,61,
6/20/2020,Oklahoma,18,62,
6/27/2020,Oklahoma,17,66,
7/4/2020,Oklahoma,22,47,
7/11/2020,Oklahoma,37,61,13
7/18/2020,Oklahoma,48,62,23
7/25/2020,Oklahoma,66,84,31
8/1/2020,Oklahoma,73,83,24
8/8/2020,Oklahoma,71,80,26
8/15/2020,Oklahoma,86,91,34
8/22/2020,Oklahoma,63,77,20
8/29/2020,Oklahoma,65,56,25
9/5/2020,Oklahoma,64,64,23
9/12/2020,Oklahoma,43,63,25
9/19/2020,Oklahoma,22,20,
9/26/2020,Oklahoma,0,,0
2/1/2020,Oregon,0,34,0
2/8/2020,Oregon,0,35,0
2/15/2020,Oregon,0,41,0
2/22/2020,Oregon,0,34,0
2/29/2020,Oregon,0,32,0
3/7/2020,Oregon,0,34,0
3/14/2020,Oregon,,40,0
3/21/2020,Oregon,,53,
3/28/2020,Oregon,14,47,
4/4/2020,Oregon,24,55,
4/11/2020,Oregon,25,54,11
4/18/2020,Oregon,25,43,10
4/25/2020,Oregon,30,42,
5/2/2020,Oregon,15,34,
5/9/2020,Oregon,19,28,
5/16/2020,Oregon,14,31,
5/23/2020,Oregon,,27,
5/30/2020,Oregon,11,26,
6/6/2020,Oregon,,32,
6/13/2020,Oregon,15,27,
6/20/2020,Oregon,12,32,
6/27/2020,Oregon,15,32,
7/4/2020,Oregon,20,28,
7/11/2020,Oregon,14,33,
7/18/2020,Oregon,28,27,
7/25/2020,Oregon,26,36,10
8/1/2020,Oregon,32,31,11
8/8/2020,Oregon,29,26,
8/15/2020,Oregon,31,27,10
8/22/2020,Oregon,22,34,
8/29/2020,Oregon,29,28,11
9/5/2020,Oregon,16,26,
9/12/2020,Oregon,14,22,
9/19/2020,Oregon,10,19,
9/26/2020,Oregon,,,
2/1/2020,Pennsylvania,0,166,0
2/8/2020,Pennsylvania,0,140,0
2/15/2020,Pennsylvania,0,173,0
2/22/2020,Pennsylvania,0,144,0
2/29/2020,Pennsylvania,,141,0
3/7/2020,Pennsylvania,0,148,0
3/14/2020,Pennsylvania,0,165,0
3/21/2020,Pennsylvania,,183,
3/28/2020,Pennsylvania,52,203,27
4/4/2020,Pennsylvania,211,274,84
4/11/2020,Pennsylvania,635,471,268
4/18/2020,Pennsylvania,911,511,341
4/25/2020,Pennsylvania,1073,560,417
5/2/2020,Pennsylvania,944,459,315
5/9/2020,Pennsylvania,848,452,321
5/16/2020,Pennsylvania,711,354,252
5/23/2020,Pennsylvania,507,300,177
5/30/2020,Pennsylvania,355,213,121
6/6/2020,Pennsylvania,271,168,73
6/13/2020,Pennsylvania,206,167,68
6/20/2020,Pennsylvania,182,155,55
6/27/2020,Pennsylvania,146,132,33
7/4/2020,Pennsylvania,136,140,40
7/11/2020,Pennsylvania,125,143,40
7/18/2020,Pennsylvania,109,118,30
7/25/2020,Pennsylvania,95,120,30
8/1/2020,Pennsylvania,103,138,36
8/8/2020,Pennsylvania,133,135,40
8/15/2020,Pennsylvania,118,118,37
8/22/2020,Pennsylvania,96,139,36
8/29/2020,Pennsylvania,98,136,41
9/5/2020,Pennsylvania,74,111,22
9/12/2020,Pennsylvania,76,93,22
9/19/2020,Pennsylvania,61,106,19
9/26/2020,Pennsylvania,13,36,
2/1/2020,Rhode Island,0,,0
2/8/2020,Rhode Island,0,,0
2/15/2020,Rhode Island,0,11,0
2/22/2020,Rhode Island,0,,0
2/29/2020,Rhode Island,0,13,0
3/7/2020,Rhode Island,0,19,0
3/14/2020,Rhode Island,0,10,0
3/21/2020,Rhode Island,0,18,0
3/28/2020,Rhode Island,,12,
4/4/2020,Rhode Island,22,18,
4/11/2020,Rhode Island,51,30,17
4/18/2020,Rhode Island,94,47,39
4/25/2020,Rhode Island,104,50,39
5/2/2020,Rhode Island,123,62,46
5/9/2020,Rhode Island,134,56,47
5/16/2020,Rhode Island,113,56,47
5/23/2020,Rhode Island,103,56,42
5/30/2020,Rhode Island,70,36,30
6/6/2020,Rhode Island,56,31,21
6/13/2020,Rhode Island,27,18,
6/20/2020,Rhode Island,33,20,14
6/27/2020,Rhode Island,23,21,11
7/4/2020,Rhode Island,19,17,
7/11/2020,Rhode Island,11,13,
7/18/2020,Rhode Island,,,
7/25/2020,Rhode Island,,15,
8/1/2020,Rhode Island,,,
8/8/2020,Rhode Island,,13,
8/15/2020,Rhode Island,,,
8/22/2020,Rhode Island,13,10,
8/29/2020,Rhode Island,,,
9/5/2020,Rhode Island,,,
9/12/2020,Rhode Island,,,
9/19/2020,Rhode Island,0,0,0
9/26/2020,Rhode Island,0,0,0
2/1/2020,South Carolina,0,59,0
2/8/2020,South Carolina,0,60,0
2/15/2020,South Carolina,0,69,0
2/22/2020,South Carolina,0,48,0
2/29/2020,South Carolina,0,59,0
3/7/2020,South Carolina,0,65,0
3/14/2020,South Carolina,0,54,0
3/21/2020,South Carolina,,57,
3/28/2020,South Carolina,19,78,
4/4/2020,South Carolina,36,82,18
4/11/2020,South Carolina,57,80,19
4/18/2020,South Carolina,47,73,14
4/25/2020,South Carolina,61,77,23
5/2/2020,South Carolina,63,90,21
5/9/2020,South Carolina,72,97,35
5/16/2020,South Carolina,67,73,30
5/23/2020,South Carolina,59,58,22
5/30/2020,South Carolina,65,73,24
6/6/2020,South Carolina,64,80,25
6/13/2020,South Carolina,47,74,18
6/20/2020,South Carolina,57,71,22
6/27/2020,South Carolina,83,83,30
7/4/2020,South Carolina,128,103,54
7/11/2020,South Carolina,144,110,56
7/18/2020,South Carolina,225,147,84
7/25/2020,South Carolina,318,190,140
8/1/2020,South Carolina,279,183,127
8/8/2020,South Carolina,263,190,121
8/15/2020,South Carolina,231,148,101
8/22/2020,South Carolina,199,127,88
8/29/2020,South Carolina,191,148,94
9/5/2020,South Carolina,161,118,68
9/12/2020,South Carolina,123,101,58
9/19/2020,South Carolina,68,62,30
9/26/2020,South Carolina,,14,
2/1/2020,South Dakota,0,10,0
2/8/2020,South Dakota,0,15,0
2/15/2020,South Dakota,0,11,0
2/22/2020,South Dakota,0,11,0
2/29/2020,South Dakota,0,,0
3/7/2020,South Dakota,0,20,0
3/14/2020,South Dakota,,11,0
3/21/2020,South Dakota,0,12,0
3/28/2020,South Dakota,,15,0
4/4/2020,South Dakota,,18,
4/11/2020,South Dakota,,12,0
4/18/2020,South Dakota,,,0
4/25/2020,South Dakota,,12,
5/2/2020,South Dakota,16,15,
5/9/2020,South Dakota,15,18,
5/16/2020,South Dakota,,10,
5/23/2020,South Dakota,,15,
5/30/2020,South Dakota,10,14,
6/6/2020,South Dakota,,11,
6/13/2020,South Dakota,11,14,
6/20/2020,South Dakota,12,11,
6/27/2020,South Dakota,10,,
7/4/2020,South Dakota,,11,
7/11/2020,South Dakota,14,17,
7/18/2020,South Dakota,,13,
7/25/2020,South Dakota,15,18,
8/1/2020,South Dakota,,11,
8/8/2020,South Dakota,,10,
8/15/2020,South Dakota,11,17,
8/22/2020,South Dakota,,17,
8/29/2020,South Dakota,13,11,
9/5/2020,South Dakota,13,15,
9/12/2020,South Dakota,15,,
9/19/2020,South Dakota,,,
9/26/2020,South Dakota,0,0,0
2/1/2020,Tennessee,0,127,0
2/8/2020,Tennessee,0,125,0
2/15/2020,Tennessee,0,116,0
2/22/2020,Tennessee,0,97,0
2/29/2020,Tennessee,0,114,0
3/7/2020,Tennessee,0,121,0
3/14/2020,Tennessee,0,109,0
3/21/2020,Tennessee,,115,
3/28/2020,Tennessee,11,125,
4/4/2020,Tennessee,55,138,21
4/11/2020,Tennessee,53,143,31
4/18/2020,Tennessee,43,119,18
4/25/2020,Tennessee,31,109,
5/2/2020,Tennessee,35,108,15
5/9/2020,Tennessee,48,101,13
5/16/2020,Tennessee,56,107,21
5/23/2020,Tennessee,32,106,11
5/30/2020,Tennessee,45,108,16
6/6/2020,Tennessee,37,101,13
6/13/2020,Tennessee,35,98,12
6/20/2020,Tennessee,59,98,19
6/27/2020,Tennessee,62,112,22
7/4/2020,Tennessee,73,97,22
7/11/2020,Tennessee,102,153,56
7/18/2020,Tennessee,111,139,58
7/25/2020,Tennessee,149,176,73
8/1/2020,Tennessee,165,178,92
8/8/2020,Tennessee,168,172,86
8/15/2020,Tennessee,168,177,92
8/22/2020,Tennessee,128,162,61
8/29/2020,Tennessee,165,183,85
9/5/2020,Tennessee,130,138,60
9/12/2020,Tennessee,144,150,76
9/19/2020,Tennessee,79,100,46
9/26/2020,Tennessee,15,29,
2/1/2020,Texas,0,276,0
2/8/2020,Texas,0,284,0
2/15/2020,Texas,0,300,0
2/22/2020,Texas,0,282,0
2/29/2020,Texas,,303,
3/7/2020,Texas,,277,0
3/14/2020,Texas,0,309,0
3/21/2020,Texas,10,333,
3/28/2020,Texas,44,347,14
4/4/2020,Texas,128,369,49
4/11/2020,Texas,205,408,79
4/18/2020,Texas,236,417,114
4/25/2020,Texas,242,342,95
5/2/2020,Texas,236,368,103
5/9/2020,Texas,227,357,104
5/16/2020,Texas,252,366,112
5/23/2020,Texas,172,345,81
5/30/2020,Texas,217,350,113
6/6/2020,Texas,181,311,75
6/13/2020,Texas,226,318,95
6/20/2020,Texas,302,395,141
6/27/2020,Texas,438,411,174
7/4/2020,Texas,801,586,371
7/11/2020,Texas,1257,928,670
7/18/2020,Texas,1715,1155,904
7/25/2020,Texas,1843,1168,915
8/1/2020,Texas,1676,1143,893
8/8/2020,Texas,1432,959,738
8/15/2020,Texas,1295,933,706
8/22/2020,Texas,931,724,517
8/29/2020,Texas,769,663,445
9/5/2020,Texas,556,495,296
9/12/2020,Texas,370,365,195
9/19/2020,Texas,166,226,93
9/26/2020,Texas,20,53,12
2/1/2020,Utah,0,18,0
2/8/2020,Utah,0,18,0
2/15/2020,Utah,0,14,0
2/22/2020,Utah,0,16,0
2/29/2020,Utah,0,31,0
3/7/2020,Utah,0,30,0
3/14/2020,Utah,0,22,0
3/21/2020,Utah,0,29,0
3/28/2020,Utah,,34,0
4/4/2020,Utah,11,33,
4/11/2020,Utah,,16,
4/18/2020,Utah,,20,
4/25/2020,Utah,16,19,
5/2/2020,Utah,12,13,
5/9/2020,Utah,18,21,11
5/16/2020,Utah,17,19,
5/23/2020,Utah,15,24,
5/30/2020,Utah,12,20,
6/6/2020,Utah,12,19,
6/13/2020,Utah,20,22,
6/20/2020,Utah,14,23,
6/27/2020,Utah,13,26,
7/4/2020,Utah,21,25,
7/11/2020,Utah,36,26,
7/18/2020,Utah,29,19,
7/25/2020,Utah,44,30,17
8/1/2020,Utah,25,31,16
8/8/2020,Utah,28,25,
8/15/2020,Utah,31,25,
8/22/2020,Utah,18,24,
8/29/2020,Utah,12,18,
9/5/2020,Utah,18,29,10
9/12/2020,Utah,11,22,
9/19/2020,Utah,,18,
9/26/2020,Utah,,,0
2/1/2020,Vermont,0,,0
2/8/2020,Vermont,0,,0
2/15/2020,Vermont,0,,0
2/22/2020,Vermont,0,,0
2/29/2020,Vermont,0,13,0
3/7/2020,Vermont,0,,0
3/14/2020,Vermont,0,11,0
3/21/2020,Vermont,,10,
3/28/2020,Vermont,,14,
4/4/2020,Vermont,10,13,
4/11/2020,Vermont,,,
4/18/2020,Vermont,10,11,
4/25/2020,Vermont,11,,
5/2/2020,Vermont,,,0
5/9/2020,Vermont,,,
5/16/2020,Vermont,,,0
5/23/2020,Vermont,0,,0
5/30/2020,Vermont,,,0
6/6/2020,Vermont,0,,0
6/13/2020,Vermont,0,,0
6/20/2020,Vermont,,,0
6/27/2020,Vermont,0,,0
7/4/2020,Vermont,0,,0
7/11/2020,Vermont,,,0
7/18/2020,Vermont,0,,0
7/25/2020,Vermont,0,,0
8/1/2020,Vermont,,,0
8/8/2020,Vermont,0,0,0
8/15/2020,Vermont,0,,0
8/22/2020,Vermont,0,,0
8/29/2020,Vermont,0,,0
9/5/2020,Vermont,0,,0
9/12/2020,Vermont,0,,0
9/19/2020,Vermont,0,,0
9/26/2020,Vermont,0,,0
2/1/2020,Virginia,0,73,0
2/8/2020,Virginia,0,62,0
2/15/2020,Virginia,0,58,0
2/22/2020,Virginia,0,71,0
2/29/2020,Virginia,0,65,0
3/7/2020,Virginia,0,72,0
3/14/2020,Virginia,,65,0
3/21/2020,Virginia,,73,
3/28/2020,Virginia,28,102,
4/4/2020,Virginia,57,108,26
4/11/2020,Virginia,102,137,35
4/18/2020,Virginia,194,143,71
4/25/2020,Virginia,220,130,66
5/2/2020,Virginia,251,163,101
5/9/2020,Virginia,234,118,65
5/16/2020,Virginia,199,108,61
5/23/2020,Virginia,167,102,58
5/30/2020,Virginia,159,100,49
6/6/2020,Virginia,103,89,36
6/13/2020,Virginia,109,105,45
6/20/2020,Virginia,86,75,33
6/27/2020,Virginia,79,60,21
7/4/2020,Virginia,55,64,21
7/11/2020,Virginia,67,75,29
7/18/2020,Virginia,95,99,33
7/25/2020,Virginia,88,83,37
8/1/2020,Virginia,102,88,38
8/8/2020,Virginia,87,81,33
8/15/2020,Virginia,101,91,36
8/22/2020,Virginia,121,96,56
8/29/2020,Virginia,104,109,53
9/5/2020,Virginia,108,103,44
9/12/2020,Virginia,103,75,28
9/19/2020,Virginia,58,51,20
9/26/2020,Virginia,,,
2/1/2020,Washington,0,71,0
2/8/2020,Washington,0,72,0
2/15/2020,Washington,0,85,0
2/22/2020,Washington,0,69,0
2/29/2020,Washington,,81,
3/7/2020,Washington,21,100,14
3/14/2020,Washington,26,90,16
3/21/2020,Washington,62,120,26
3/28/2020,Washington,117,165,58
4/4/2020,Washington,155,160,83
4/11/2020,Washington,142,141,83
4/18/2020,Washington,118,129,68
4/25/2020,Washington,105,107,51
5/2/2020,Washington,78,96,41
5/9/2020,Washington,86,88,44
5/16/2020,Washington,69,94,34
5/23/2020,Washington,45,70,22
5/30/2020,Washington,35,65,19
6/6/2020,Washington,33,47,17
6/13/2020,Washington,42,65,24
6/20/2020,Washington,31,61,14
6/27/2020,Washington,38,55,18
7/4/2020,Washington,44,74,22
7/11/2020,Washington,54,83,28
7/18/2020,Washington,49,69,26
7/25/2020,Washington,70,79,32
8/1/2020,Washington,92,87,38
8/8/2020,Washington,78,86,32
8/15/2020,Washington,73,76,33
8/22/2020,Washington,50,80,25
8/29/2020,Washington,43,64,24
9/5/2020,Washington,40,61,16
9/12/2020,Washington,28,65,14
9/19/2020,Washington,27,70,17
9/26/2020,Washington,,16,
2/1/2020,West Virginia,0,33,0
2/8/2020,West Virginia,0,34,0
2/15/2020,West Virginia,0,35,0
2/22/2020,West Virginia,0,26,0
2/29/2020,West Virginia,0,42,0
3/7/2020,West Virginia,0,29,0
3/14/2020,West Virginia,0,36,0
3/21/2020,West Virginia,0,37,0
3/28/2020,West Virginia,,26,0
4/4/2020,West Virginia,,44,0
4/11/2020,West Virginia,,47,
4/18/2020,West Virginia,11,23,
4/25/2020,West Virginia,16,27,
5/2/2020,West Virginia,16,34,
5/9/2020,West Virginia,,24,0
5/16/2020,West Virginia,14,39,
5/23/2020,West Virginia,,31,
5/30/2020,West Virginia,,31,
6/6/2020,West Virginia,,24,
6/13/2020,West Virginia,,28,
6/20/2020,West Virginia,,27,0
6/27/2020,West Virginia,,33,
7/4/2020,West Virginia,,29,
7/11/2020,West Virginia,,16,0
7/18/2020,West Virginia,,27,
7/25/2020,West Virginia,,37,
8/1/2020,West Virginia,17,27,
8/8/2020,West Virginia,18,34,
8/15/2020,West Virginia,14,23,
8/22/2020,West Virginia,27,18,
8/29/2020,West Virginia,21,,
9/5/2020,West Virginia,19,,
9/12/2020,West Virginia,,,
9/19/2020,West Virginia,,,
9/26/2020,West Virginia,0,0,0
2/1/2020,Wisconsin,0,65,0
2/8/2020,Wisconsin,0,53,0
2/15/2020,Wisconsin,0,76,0
2/22/2020,Wisconsin,0,57,0
2/29/2020,Wisconsin,0,55,0
3/7/2020,Wisconsin,0,62,0
3/14/2020,Wisconsin,0,56,0
3/21/2020,Wisconsin,,75,
3/28/2020,Wisconsin,19,73,
4/4/2020,Wisconsin,77,92,12
4/11/2020,Wisconsin,76,75,16
4/18/2020,Wisconsin,75,54,12
4/25/2020,Wisconsin,47,57,
5/2/2020,Wisconsin,72,62,
5/9/2020,Wisconsin,57,52,16
5/16/2020,Wisconsin,55,52,10
5/23/2020,Wisconsin,65,54,19
5/30/2020,Wisconsin,88,52,11
6/6/2020,Wisconsin,45,44,
6/13/2020,Wisconsin,41,38,
6/20/2020,Wisconsin,37,46,
6/27/2020,Wisconsin,35,40,
7/4/2020,Wisconsin,23,39,
7/11/2020,Wisconsin,19,38,
7/18/2020,Wisconsin,35,39,
7/25/2020,Wisconsin,52,43,11
8/1/2020,Wisconsin,48,48,
8/8/2020,Wisconsin,61,59,17
8/15/2020,Wisconsin,46,50,12
8/22/2020,Wisconsin,38,52,13
8/29/2020,Wisconsin,42,53,16
9/5/2020,Wisconsin,36,48,11
9/12/2020,Wisconsin,42,48,12
9/19/2020,Wisconsin,23,35,14
9/26/2020,Wisconsin,,,
2/1/2020,Wyoming,0,,0
2/8/2020,Wyoming,0,13,0
2/15/2020,Wyoming,0,,0
2/22/2020,Wyoming,0,,0
2/29/2020,Wyoming,0,,0
3/7/2020,Wyoming,0,10,0
3/14/2020,Wyoming,0,,0
3/21/2020,Wyoming,0,,0
3/28/2020,Wyoming,0,,0
4/4/2020,Wyoming,0,10,0
4/11/2020,Wyoming,,,0
4/18/2020,Wyoming,,,
4/25/2020,Wyoming,,10,
5/2/2020,Wyoming,0,,0
5/9/2020,Wyoming,0,,0
5/16/2020,Wyoming,,,0
5/23/2020,Wyoming,,,
5/30/2020,Wyoming,,,0
6/6/2020,Wyoming,,,0
6/13/2020,Wyoming,,,
6/20/2020,Wyoming,,,
6/27/2020,Wyoming,0,,0
7/4/2020,Wyoming,,,0
7/11/2020,Wyoming,,,0
7/18/2020,Wyoming,,,0
7/25/2020,Wyoming,,,
8/1/2020,Wyoming,,,0
8/8/2020,Wyoming,,,
8/15/2020,Wyoming,,,0
8/22/2020,Wyoming,,,
8/29/2020,Wyoming,0,,0
9/5/2020,Wyoming,,,
9/12/2020,Wyoming,,,
9/19/2020,Wyoming,0,,0
9/26/2020,Wyoming,0,,0
2/1/2020,Puerto Rico,0,76,0
2/8/2020,Puerto Rico,0,90,0
2/15/2020,Puerto Rico,0,83,0
2/22/2020,Puerto Rico,0,86,0
2/29/2020,Puerto Rico,0,83,0
3/7/2020,Puerto Rico,0,95,0
3/14/2020,Puerto Rico,0,68,0
3/21/2020,Puerto Rico,,87,
3/28/2020,Puerto Rico,11,88,
4/4/2020,Puerto Rico,18,85,10
4/11/2020,Puerto Rico,22,86,11
4/18/2020,Puerto Rico,20,72,10
4/25/2020,Puerto Rico,18,70,
5/2/2020,Puerto Rico,14,63,
5/9/2020,Puerto Rico,10,64,
5/16/2020,Puerto Rico,,46,
5/23/2020,Puerto Rico,,60,
5/30/2020,Puerto Rico,,56,
6/6/2020,Puerto Rico,,56,
6/13/2020,Puerto Rico,,53,
6/20/2020,Puerto Rico,,50,
6/27/2020,Puerto Rico,,40,0
7/4/2020,Puerto Rico,,45,
7/11/2020,Puerto Rico,10,60,
7/18/2020,Puerto Rico,13,67,
7/25/2020,Puerto Rico,24,61,15
8/1/2020,Puerto Rico,35,68,16
8/8/2020,Puerto Rico,39,66,23
8/15/2020,Puerto Rico,64,101,45
8/22/2020,Puerto Rico,46,67,33
8/29/2020,Puerto Rico,25,56,18
9/5/2020,Puerto Rico,41,57,28
9/12/2020,Puerto Rico,62,56,42
9/19/2020,Puerto Rico,36,26,23
9/26/2020,Puerto Rico,,,
